id,name
1,Fevador
2,Tanmosar
3,Xavtron
4,Vatid
5,Mataux
6,Reseson
7,Lofsar
8,Zoruglukax
9,Vugigkigibtron
10,Metoox
11,Xebol
12,Fosomvex
13,Bata
14,Rovvex
15,Fivex
16,Zufelnadesor
17,Ravozineon
18,Lovxuux
19,Sivimetrex
20,Xiri
21,Kagosigvex
22,Rizustron
23,Rakedar
24,Zuktogex
25,Gezuglo
26,Texmaxeex
27,Nokudesox
28,Zaze
29,Zevas
30,Lara
31,Fimvaex
32,Ledab
33,Rikevdsa
34,Lefexux
35,Simovivu
36,Zufox
37,Zinurrixe
38,Notron
39,Rilovix
40,Zefos
41,Ravilal
42,Mivaviba
43,Nufox
44,Kozon
45,Nifuvux
46,Numruf
47,Riox
48,Xedabar
49,Bavyx
50,Zezamar
51,Duren
52,Mamufti
53,Legaux
54,Kubex
55,Gedozig
56,Rutnex
57,Sesenri
58,Bimkadar
59,Mubolzga
60,Rilodufab
61,Ggaron
62,Bozxexox
63,Xunune
64,Xeli
65,Nufixilox
66,Deronex
67,Ditron
68,Foex
69,Xobkduvex
70,Viax
71,Munav
72,Dontozexix
73,Raliderar
74,Kegobfede
75,Rodovax
76,Minek
77,Tabusux
78,Vibe
79,Bubav
80,Lixrex
81,Zeyx
82,Bebaxix
83,Bilor
84,Lifavar
85,Fikotili
86,Nuvrul
87,Xazil
88,Turezbe
89,Zirexvex
90,Ximxusoux
91,Rimortar
92,Xerelekor
93,Gomuk
94,Gufix
95,Gezto
96,Detikux
97,Duvyx
98,Vutebaliyx
99,Satexon
100,Loglutorex
101,Madex
102,Niglimon
103,Tegud
104,Sufnoz
105,Rikardiluzrex
106,Goar
107,Kovaf
108,Vixnex
109,Zmimikon
110,Dubebad
111,Kedar
112,Zunyx
113,Gore
114,Safinzestron
115,Mafuux
116,Lodokax
117,Folamrex
118,Nevonex
119,Kizison
120,Kedon
121,Fusix
122,Zolibreso
123,Xodugdadeox
124,Menimeborex
125,Gidodnex
126,Figizfikerex
127,Ruvon
128,Fotux
129,Libuex
130,Sone
131,Busled
132,Vovatefyx
133,Xatnufokox
134,Lidunar
135,Fadnotemrex
136,Fuon
137,Zegla
138,Zeszile
139,Dexi
140,Semdir
141,Vugear
142,Kibnomav
143,Fekax
144,Xanuv
145,Guvoox
146,Tazexisix
147,Kivuvxetron
148,Kadesbem
149,Gagumnex
150,Kalbivrex
151,Fabukkezar
152,Sixe
153,Tdovefnex
154,Bivtron
155,Tori
156,Revivor
157,Fakrex
158,Xomdeux
159,Gasubuk
160,Xtirex
161,Kadex
162,Burveguor
163,Tion
164,Dzurodik
165,Kxozi
166,Naxax
167,Susaxlug
168,Xekelvex
169,Dikemix
170,Selutor
171,Fufkirex
172,Vuvidge
173,Madatron
174,Tazox
175,Tabo
176,Fudmfaor
177,Figlaro
178,Tidliyx
179,Vurukogivex
180,Lurex
181,Gebzusrex
182,Zezex
183,Neznex
184,Bisekor
185,Revex
186,Sotukmasu
187,Xusarex
188,Nibe
189,Roxefutyx
190,Kevok
191,Bivobrulrex
192,Romix
193,Zuxa
194,Xora
195,Kabsiix
196,Zamenrir
197,Vaix
198,Vruux
199,Kizilux
200,Fukafyx
201,Lemaxax
202,Nimiex
203,Dofokbilnex
204,Dukinron
205,Duxatkot
206,Virikunum
207,Tukor
208,Sosix
209,Kavvex
210,Nunmelix
211,Kitron
212,Kzaseor
213,Nosbitron
214,Fusumkasum
215,Lado
216,Vutotron
217,Tisetufiar
218,Luvtron
219,Fagaxode
220,Bixolidu
221,Remel
222,Fezur
223,Nexron
224,Firelon
225,Xuxmod
226,Vuryx
227,Kevelano
228,Loxnusoax
229,Karear
230,Zikatron
231,Muzux
232,Nuvgil
233,Deztanu
234,Tafex
235,Begor
236,Xofirex
237,Vinedon
238,Zeme
239,Xifuztron
240,Kagnex
241,Rodizox
242,Roliix
243,Kuvtron
244,Zubzexux
245,Fibyx
246,Rinrex
247,Latron
248,Lumur
249,Lefismoron
250,Bilkezo
251,Ruax
252,Kekub
253,Nuvevex
254,Dokiax
255,Misezsele
256,Taxakbiziix
257,Toroffoget
258,Vazar
259,Geguzo
260,Tifagdga
261,Rularix
262,Vubiox
263,Lolmes
264,Dogikex
265,Tfisefi
266,Rizanex
267,Ladidez
268,Xoguv
269,Lengirex
270,Tusar
271,Benar
272,Genevkoax
273,Givivvil
274,Lalux
275,Fonvuzuex
276,Fusonxogon
277,Lemron
278,Ssunukvex
279,Vazesin
280,Manevtumayx
281,Bexuntin
282,Fiftron
283,Xamomron
284,Xezagtiz
285,Nerex
286,Rotitzesron
287,Namurkadoyx
288,Kofafrikokex
289,Feka
290,Dobudix
291,Kisoxosyx
292,Sasoruf
293,Guux
294,Savo
295,Zreron
296,Notsatiux
297,Gameron
298,Duni
299,Sati
300,Devuon
301,Mofkelo
302,Goxuon
303,Feon
304,Tomisob
305,Noxzog
306,Nukodirox
307,Zazafo
308,Runba
309,Meguyx
310,Fubbixux
311,Debidugvex
312,Baxutilunex
313,Tosatlufum
314,Sidevte
315,Dagezizox
316,Diruex
317,Kilzetez
318,Lazafoson
319,Bunugrene
320,Fudo
321,Vetude
322,Bifviz
323,Zazedexu
324,Meyx
325,Funar
326,Zomnaso
327,Zivriraux
328,Ranar
329,Latodix
330,Figbixax
331,Dasarlef
332,Fexi
333,Lebako
334,Nofe
335,Siran
336,Zugutron
337,Libve
338,Rofugraz
339,Roknex
340,Dikoxor
341,Xorbaix
342,Gekiz
343,Davovxezor
344,Ledda
345,Sivabek
346,Keramugeox
347,Fodanagox
348,Tafrex
349,Valungiox
350,Zebeg
351,Kugulzuux
352,Sobnivit
353,Gobar
354,Fodon
355,Xilomuvex
356,Filiger
357,Beor
358,Zebgit
359,Vaseix
360,Xibagkitron
361,Saftron
362,Zovidaruv
363,Zbatavovex
364,Torar
365,Mudlubenex
366,Ligutzazoar
367,Bubonzivod
368,Noniz
369,Denedi
370,Bifinron
371,Fuzsid
372,Resron
373,Reon
374,Duvoron
375,Gugayx
376,Bagar
377,Nubetvabon
378,Kuvar
379,Nuzos
380,Dgasus
381,Subux
382,Sufu
383,Rulotyx
384,Savomuk
385,Dibon
386,Xebafogom
387,Vimi
388,Tizfazu
389,Rigivonemar
390,Voviox
391,Memal
392,Rafzagrex
393,Xidimavutron
394,Soyx
395,Lamrozu
396,Tadadekirex
397,Zonuix
398,Muxraf
399,Buvmili
400,Mivilu
401,Tabaon
402,Nixa
403,Selliki
404,Duron
405,Foix
406,Xuxunex
407,Zukudetufnex
408,Vase
409,Bokax
410,Namuzbore
411,Sadexox
412,Loda
413,Vudaliox
414,Fifud
415,Dovex
416,Riratyx
417,Ruxixa
418,Tumaxux
419,Xogax
420,Danronesnex
421,Zitron
422,Zusuf
423,Sefxitnex
424,Xalemron
425,Dobefiron
426,Simaz
427,Zivex
428,Lukzukuax
429,Tigifkaix
430,Retafuar
431,Diddeix
432,Saka
433,Liroax
434,Roti
435,Bufugex
436,Gabux
437,Zirkuyx
438,Sizbofi
439,Nidufulvex
440,Lemeox
441,Nabron
442,Romned
443,Semimtron
444,Riex
445,Lozak
446,Lordegurex
447,Magtadux
448,Kigosuon
449,Magdavnex
450,Dufeix
451,Ritiax
452,Luzebsuzovex
453,Laletrenulix
454,Tagem
455,Vobnuvaxrex
456,Dudron
457,Bimyx
458,Bixoar
459,Nodexisar
460,Vukikvex
461,Veron
462,Gudirazar
463,Zetegtron
464,Xxegifuv
465,Larxen
466,Bimiox
467,Nanox
468,Nurevex
469,Bondiguk
470,Fosavefvex
471,Tolunron
472,Nesuix
473,Sivix
474,Renus
475,Mevukox
476,Lefoddeg
477,Fovubib
478,Likevisox
479,Zuroix
480,Masax
481,Vonisoron
482,Meselaox
483,Zion
484,Gatax
485,Tunax
486,Savakdiron
487,Dura
488,Xisfavuar
489,Bavexdur
490,Makerex
491,Kebeax
492,Xifzetron
493,Linu
494,Takergefovex
495,Rigralig
496,Vezzaferor
497,Vtiex
498,Lavozsaor
499,Bodob
500,Lodetron
